2019-04-21 03:20:02.443294,-1.40235095,-0.32361945,9.46341725,-0.0089657343924,0.00867578852922,-0.00553498696536,0.568527098432,0.0430105491885,0.0682919364186,-0.818696062301,200.71
2019-04-21 03:20:02.505910,-1.40235095,-0.32361945,9.46341725,-0.0145596321672,0.00158431683667,0.000824941962492,0.56854980626,0.0431662910681,0.0687595205743,-0.818632956487,200.71
2019-04-21 03:20:02.573688,-1.40235095,-0.32361945,9.46341725,-0.019851308316,-0.00880093686283,0.00643203873187,0.568755621089,0.0429446617066,0.0692072880205,-0.818463897063,200.71
2019-04-21 03:20:02.644836,-1.40235095,-0.32361945,9.46341725,-0.0229394640774,-0.0188564248383,0.00701530463994,0.569044757458,0.0423908751245,0.0695466569465,-0.818263001866,200.71
2019-04-21 03:20:02.705563,-1.40235095,-0.32361945,9.46341725,-0.0258365850896,-0.0240982901305,0.00577171100304,0.569322778249,0.041593841183,0.0698218274264,-0.818087060744,200.71
2019-04-21 03:20:02.764840,-1.40235095,-0.32361945,9.46341725,-0.0260388292372,-0.0246554464102,-0.00259140133858,0.56944544259,0.0406950778906,0.0700930773621,-0.818023691011,200.71
2019-04-21 03:20:02.821614,-1.40235095,-0.32361945,9.46341725,-0.0234672613442,-0.0226459093392,-0.00974870100617,0.56937581613,0.0399747274252,0.0703115823468,-0.818088920938,200.71
2019-04-21 03:20:02.885935,-1.40235095,-0.32361945,9.46341725,-0.014172048308,-0.0178045947105,-0.0172544717789,0.569066153892,0.0393479640025,0.0704980402622,-0.818318688863,200.71
2019-04-21 03:20:02.962867,-1.40235095,-0.32361945,9.46341725,0.00241310684942,-0.00949566625059,-0.0210061520338,0.568513135539,0.0390970157587,0.0704757808232,-0.818716924459,200.7
2019-04-21 03:20:03.039432,-1.40235095,-0.32361945,9.46341725,0.0186320617795,-0.00242124823853,-0.0163334626704,0.568006696064,0.0394311910032,0.0700807451618,-0.819086236949,200.7
2019-04-21 03:20:03.106248,-1.38273765,-0.3530394,9.4732239,0.0317713208497,0.00362122640945,-0.00453394604847,0.56775441931,0.0402599183703,0.0693592742839,-0.819282215966,200.7
2019-04-21 03:20:03.183702,-1.38273765,-0.3530394,9.4732239,0.036603461951,0.00916981324553,0.0104995695874,0.567894218908,0.0414573765166,0.0684793497221,-0.819199622025,200.7
2019-04-21 03:20:03.250764,-1.38273765,-0.3530394,9.4732239,0.0298404805362,0.0135592911392,0.0214132815599,0.56839383522,0.0427084505048,0.0677733530719,-0.818847488213,200.7
2019-04-21 03:20:03.313259,-1.38273765,-0.3530394,9.4732239,0.0168965514749,0.015417855233,0.0243563298136,0.568982762376,0.0437076505484,0.0674813830071,-0.818409750889,200.7
2019-04-21 03:20:03.375157,-1.38273765,-0.3530394,9.4732239,0.00165641936474,0.0152808539569,0.0187563411891,0.569498836946,0.0444421078259,0.0675793905663,-0.81800305607,200.7
2019-04-21 03:20:03.447012,-1.38273765,-0.3530394,9.4732239,-0.0152939585969,0.0110778268427,0.00797477178276,0.569828168721,0.044800281489,0.0680896082498,-0.817711806298,200.7
2019-04-21 03:20:03.507840,-1.38273765,-0.3530394,9.4732239,-0.0297406278551,0.00300764734857,-0.00413011573255,0.569883541567,0.0446563286419,0.0689480814353,-0.817609150774,200.52
2019-04-21 03:20:03.580668,-1.38273765,-0.3530394,9.4732239,-0.0356025509536,-0.00788085348904,-0.0126538537443,0.56969372945,0.044071071996,0.069876656322,-0.817694348849,200.52
2019-04-21 03:20:03.648269,-1.38273765,-0.3530394,9.4732239,-0.0329960994422,-0.0176593139768,-0.0157414507121,0.569391397041,0.0432077188083,0.0706213817817,-0.817887003471,200.52
2019-04-21 03:20:03.716045,-1.38273765,-0.3530394,9.4732239,-0.0244142077863,-0.0257204733789,-0.0151518750936,0.56905291375,0.0422161665784,0.0710227631873,-0.818139562508,200.52
2019-04-21 03:20:03.787328,-1.38273765,-0.3530394,9.4732239,-0.00404445687309,-0.0322127528489,-0.00850480701774,0.568805954512,0.0412227074494,0.0707564656269,-0.818384993187,200.52
2019-04-21 03:20:03.861111,-1.38273765,-0.3530394,9.4732239,0.0173635948449,-0.0350320935249,-0.000587606336921,0.568782723561,0.0406740405289,0.0698605544323,-0.818505552052,200.52
2019-04-21 03:20:03.912460,-1.38273765,-0.3530394,9.4732239,0.0315204523504,-0.0335195362568,0.00522156059742,0.568883171588,0.0405162451966,0.0687670784412,-0.818536168952,200.52
2019-04-21 03:20:03.977797,-1.4709975,-0.3138128,9.48303055,0.0391847603023,-0.0300153382123,0.00780713558197,0.569083544223,0.0405680393223,0.0672843010896,-0.818517548197,200.52
2019-04-21 03:20:04.060809,-1.4709975,-0.3138128,9.48303055,0.0352758951485,-0.0238537862897,0.00609033927321,0.56932722708,0.0408065819324,0.0654688427834,-0.818483452491,200.63
2019-04-21 03:20:04.124732,-1.4709975,-0.3138128,9.48303055,0.0155806336552,-0.0183372255415,0.000954496383201,0.569408273929,0.040878632828,0.0645085477165,-0.81849972647,200.63
2019-04-21 03:20:04.193720,-1.4709975,-0.3138128,9.48303055,-0.0108918109909,-0.0133236059919,-0.00376670667902,0.569395627633,0.0406326241425,0.0643156963841,-0.818535949294,200.63
2019-04-21 03:20:04.261460,-1.4709975,-0.3138128,9.48303055,-0.039058342576,-0.00793523993343,-0.00461127934977,0.569351918406,0.0399890207118,0.0649789508326,-0.818545665909,200.63
2019-04-21 03:20:04.325381,-1.4709975,-0.3138128,9.48303055,-0.0563609935343,-0.00576213933527,-0.00388188427314,0.569334875861,0.0391298646208,0.0661607910419,-0.818504369293,200.63
2019-04-21 03:20:04.384100,-1.4709975,-0.3138128,9.48303055,-0.0631006136537,-0.00626312941313,-0.00413482356817,0.56933189947,0.0381138108757,0.067594880807,-0.818437204528,200.63
2019-04-21 03:20:04.442688,-1.4709975,-0.3138128,9.48303055,-0.0579675622284,-0.0068730819039,-0.0015038154088,0.569375354561,0.0370474112912,0.0690919211378,-0.818330924119,200.63
2019-04-21 03:20:04.518600,-1.4709975,-0.3138128,9.48303055,-0.0415192209184,-0.00764843448997,0.00201306072995,0.569505402843,0.0361247767496,0.0703236025989,-0.818176745915,200.63
2019-04-21 03:20:04.573701,-1.4709975,-0.3138128,9.48303055,-0.0159719213843,-0.00705729052424,0.00526565872133,0.569672115146,0.0357154328556,0.0708277602272,-0.818035156617,200.61
2019-04-21 03:20:04.639809,-1.4709975,-0.3138128,9.48303055,0.0119770206511,-0.00422826688737,0.00871510617435,0.569905334557,0.0358385966781,0.0706772560297,-0.8178803275,200.61
2019-04-21 03:20:04.706045,-1.4709975,-0.3138128,9.48303055,0.0364925116301,-0.000456544337794,0.00873649213463,0.570120131479,0.0365299803718,0.0699133298149,-0.81776568926,200.61
2019-04-21 03:20:04.780395,-1.4121576,-0.34323275,9.46341725,0.0477863997221,0.00486998446286,0.00699929473922,0.570312718961,0.0377907916685,0.0686958742075,-0.817677280792,200.61
2019-04-21 03:20:04.848839,-1.4121576,-0.34323275,9.46341725,0.039556697011,0.00913861673325,0.00419353693724,0.570411979637,0.0390634150319,0.0677001649835,-0.81763128044,200.61
2019-04-21 03:20:04.919793,-1.4121576,-0.34323275,9.46341725,0.0214025750756,0.00998659990728,0.00120582943782,0.570439536181,0.0401474535892,0.0671404002748,-0.817605702147,200.61
2019-04-21 03:20:04.989198,-1.4121576,-0.34323275,9.46341725,-0.00178198690992,0.0105634368956,-0.00178711640183,0.570413482474,0.0407872429625,0.0672482162118,-0.81758335186,200.61
2019-04-21 03:20:05.054045,-1.4121576,-0.34323275,9.46341725,-0.0159451738,0.0065130754374,-0.000492835359182,0.570420448796,0.0409912624131,0.0677019126415,-0.817530842859,200.61
2019-04-21 03:20:05.118981,-1.4121576,-0.34323275,9.46341725,-0.0211331862956,-0.00116805173457,0.00297370110638,0.570505148168,0.0408684260755,0.0683056748983,-0.817427661901,200.46
2019-04-21 03:20:05.178846,-1.4121576,-0.34323275,9.46341725,-0.0210732594132,-0.00921069830656,0.00836041755974,0.570714341591,0.0405331475489,0.0687728349677,-0.8172591397,200.46
2019-04-21 03:20:05.245842,-1.4121576,-0.34323275,9.46341725,-0.0151856830344,-0.0153871923685,0.0134147414938,0.571063385617,0.0401084357379,0.0689825178221,-0.817018564799,200.46
2019-04-21 03:20:05.309279,-1.4121576,-0.34323275,9.46341725,-0.00192984694149,-0.0188085827976,0.0148838367313,0.571475072119,0.0397784626687,0.068831024958,-0.816759576533,200.46
2019-04-21 03:20:05.375430,-1.4121576,-0.34323275,9.46341725,0.00713882688433,-0.0185924768448,0.0144325951114,0.571910938702,0.0395931551224,0.0684008481737,-0.816499592302,200.46
2019-04-21 03:20:05.435258,-1.4121576,-0.34323275,9.46341725,0.010877978988,-0.0161173045635,0.0101864170283,0.572220676349,0.039571598342,0.0678730109091,-0.816327655144,200.46
2019-04-21 03:20:05.494393,-1.4121576,-0.34323275,9.46341725,0.00791281089187,-0.00981433596462,0.00174013001379,0.572365267376,0.039672349194,0.0674382574061,-0.816257426826,200.46
2019-04-21 03:20:05.550814,-1.4121576,-0.34323275,9.46341725,-9.73516143858e-05,-0.00494276219979,-0.00448436895385,0.572320277197,0.039759012018,0.0673257906935,-0.816294039657,200.46
2019-04-21 03:20:05.610231,-1.44157755,-0.20593965,9.5320638,-0.0111510995775,-0.000513533595949,-0.00972831435502,0.572145470975,0.0397918459597,0.0675536165449,-0.816396152569,200.21
2019-04-21 03:20:05.675759,-1.44157755,-0.20593965,9.5320638,-0.0214644297957,0.00127544207498,-0.0100721595809,0.571923344273,0.0396797394162,0.0681247444182,-0.816509783011,200.21
2019-04-21 03:20:05.746086,-1.44157755,-0.20593965,9.5320638,-0.0292247515172,-0.00150142353959,-0.00549413915724,0.571785101726,0.0393888349814,0.0688810488972,-0.816557235119,200.21
2019-04-21 03:20:05.813265,-1.44157755,-0.20593965,9.5320638,-0.0324010662735,-0.00871114432812,0.000349619862391,0.571800070945,0.0388410567169,0.0696861794065,-0.816504677011,200.21
2019-04-21 03:20:05.871142,-1.44157755,-0.20593965,9.5320638,-0.0289053581655,-0.0164750274271,0.00611000927165,0.571960804181,0.0382619464601,0.0701950037678,-0.816375846886,200.21
2019-04-21 03:20:05.925264,-1.44157755,-0.20593965,9.5320638,-0.0254096668214,-0.0240929462016,0.0117794536054,0.572247206717,0.0375643464333,0.0704615430416,-0.816184553415,200.21
2019-04-21 03:20:05.983837,-1.44157755,-0.20593965,9.5320638,-0.0182199608535,-0.0327459909022,0.0167118217796,0.572714022958,0.0366633322931,0.0704614416619,-0.815898053197,200.21
2019-04-21 03:20:06.056410,-1.44157755,-0.20593965,9.5320638,-0.0151497796178,-0.0354239940643,0.0168864652514,0.573245837788,0.0356960893238,0.0702519112229,-0.81558547537,200.21
2019-04-21 03:20:06.108708,-1.44157755,-0.20593965,9.5320638,-0.00851554609835,-0.0342154987156,0.0146963549778,0.573667987116,0.0349407723252,0.0699320745182,-0.815348813663,200.07
2019-04-21 03:20:06.171349,-1.44157755,-0.20593965,9.5320638,-0.000432492204709,-0.0289654061198,0.0116284163669,0.574047916862,0.0343190300056,0.0694916038624,-0.815145453474,200.07
2019-04-21 03:20:06.232860,-1.44157755,-0.20593965,9.5320638,0.00804420374334,-0.0212389491498,0.0103129278868,0.574326879847,0.0340885222398,0.0690334713455,-0.814997538383,200.07
2019-04-21 03:20:06.280707,-1.44157755,-0.20593965,9.5320638,0.0145468106493,-0.013219922781,0.00772476056591,0.574515250126,0.0341584422955,0.0685824712403,-0.814899915837,200.07
2019-04-21 03:20:06.342248,-1.36312435,-0.3334261,9.4732239,0.020687956363,-0.00312741729431,0.00557492207736,0.574691153352,0.0345827391176,0.0680349610023,-0.814803876092,200.07
2019-04-21 03:20:06.397564,-1.36312435,-0.3334261,9.4732239,0.0177590269595,0.00533117074519,0.00324182258919,0.57476462448,0.0351636987932,0.0676819083188,-0.81475658943,200.07
2019-04-21 03:20:06.459603,-1.36312435,-0.3334261,9.4732239,0.0104494430125,0.0101387184113,-0.0013528362615,0.574749980382,0.0358916468889,0.0675375263402,-0.814747158492,200.07
2019-04-21 03:20:06.511661,-1.36312435,-0.3334261,9.4732239,0.00303061166778,0.0105966087431,-0.00455103302374,0.574673966522,0.0363391900119,0.0676252348423,-0.814773663715,200.07
2019-04-21 03:20:06.560869,-1.36312435,-0.3334261,9.4732239,-0.0119470432401,0.00838005356491,-0.00605458533391,0.574551890274,0.0366584549067,0.0679802429943,-0.814815911497,199.89
2019-04-21 03:20:06.622794,-1.36312435,-0.3334261,9.4732239,-0.023572716862,0.00216299016029,-0.00630648294464,0.574415688004,0.0366638639471,0.0686116415411,-0.814858773715,199.89
2019-04-21 03:20:06.685247,-1.36312435,-0.3334261,9.4732239,-0.0320090204477,-0.00438900897279,-0.0030005350709,0.574356176114,0.0363344003275,0.0693754417228,-0.814850809902,199.89
2019-04-21 03:20:06.750415,-1.36312435,-0.3334261,9.4732239,-0.0265058353543,-0.0140962088481,0.00836496055126,0.574535351228,0.0357607817103,0.0699829909266,-0.814697905767,199.89
2019-04-21 03:20:06.809122,-1.36312435,-0.3334261,9.4732239,-0.0139969587326,-0.0209205932915,0.0187363624573,0.574956992182,0.0352620796737,0.0701293777694,-0.814409548846,199.89
2019-04-21 03:20:06.875103,-1.36312435,-0.3334261,9.4732239,0.005893885158,-0.023089049384,0.0288000293076,0.575669080938,0.0349593067629,0.0697155827911,-0.813954970277,199.89
2019-04-21 03:20:06.932238,-1.36312435,-0.3334261,9.4732239,0.0231184996665,-0.0222857221961,0.0333493798971,0.576462758288,0.0349788435455,0.0688877682188,-0.813462749117,199.89
2019-04-21 03:20:06.996391,-1.36312435,-0.3334261,9.4732239,0.0353842712939,-0.0171576663852,0.032543592155,0.577341392382,0.0353728542795,0.0677011372945,-0.812922034288,199.89
2019-04-21 03:20:07.064875,-1.36312435,-0.3334261,9.4732239,0.0394249372184,-0.00859072059393,0.0261631142348,0.578050240965,0.036045248407,0.0665152084345,-0.812486545141,199.46
2019-04-21 03:20:07.117412,-1.40235095,-0.22555295,9.4536106,0.0317257232964,-0.00246211746708,0.0157356187701,0.578418665172,0.0367060460294,0.0657690214228,-0.812255470765,199.46
2019-04-21 03:20:07.182648,-1.40235095,-0.22555295,9.4536106,0.0182056445628,0.00355477957055,0.00314842048101,0.578587710685,0.0374508967535,0.0652482261743,-0.812143066435,199.46
2019-04-21 03:20:07.252051,-1.40235095,-0.22555295,9.4536106,-0.000900732935406,0.00663288682699,-0.00668635219336,0.57848639283,0.0379570585604,0.0652778212159,-0.812189362817,199.46
2019-04-21 03:20:07.311043,-1.40235095,-0.22555295,9.4536106,-0.0204199887812,0.00561499875039,-0.0106533095241,0.578251166894,0.0381013633762,0.0658360308364,-0.812305048081,199.46
2019-04-21 03:20:07.378877,-1.40235095,-0.22555295,9.4536106,-0.0387224331498,0.00270251906477,-0.00817615911365,0.578055008902,0.0378503659728,0.0668767983917,-0.812371374629,199.46
2019-04-21 03:20:07.425841,-1.40235095,-0.22555295,9.4536106,-0.0448509901762,0.000737630063668,-0.00184899312444,0.578031104038,0.0375037142746,0.0677420029095,-0.812332773697,199.46
2019-04-21 03:20:07.492712,-1.40235095,-0.22555295,9.4536106,-0.0482945367694,-0.00296940142289,0.00719355419278,0.578206741863,0.0368440226508,0.0690001962583,-0.812132042574,199.46
2019-04-21 03:20:07.543422,-1.40235095,-0.22555295,9.4536106,-0.0450462214649,-0.00507415644825,0.0155814951286,0.578559406212,0.0362601528462,0.0699902383222,-0.811822382876,199.37
2019-04-21 03:20:07.606809,-1.40235095,-0.22555295,9.4536106,-0.0304964799434,-0.00717081408948,0.022949302569,0.579152091217,0.0357560999523,0.070804181368,-0.811351418595,199.37
2019-04-21 03:20:07.668746,-1.40235095,-0.22555295,9.4536106,-0.0178050920367,-0.00552376639098,0.0228345301002,0.579776381018,0.0355153644636,0.0712693102229,-0.810875263108,199.37
2019-04-21 03:20:07.719221,-1.40235095,-0.22555295,9.4536106,-0.00763517618179,-0.00457042036578,0.0186978969723,0.580203201564,0.0355231046298,0.0714125783515,-0.810556967514,199.37
2019-04-21 03:20:07.767765,-1.40235095,-0.22555295,9.4536106,-0.000298802915495,-0.00324607640505,0.0122123798355,0.580450879635,0.0356625193886,0.0714323834466,-0.810371751505,199.37
2019-04-21 03:20:07.811082,-1.50041745,-0.3726527,9.5516771,0.00327224773355,-0.00192872667685,0.00488850148395,0.580594446269,0.035887288056,0.0713867898422,-0.810262992956,199.37
2019-04-21 03:20:07.856361,-1.50041745,-0.3726527,9.5516771,0.00392983155325,-0.000217239488848,-0.00151815905701,0.580586594161,0.036144649863,0.0713440544789,-0.810260943682,199.37
2019-04-21 03:20:07.919313,-1.50041745,-0.3726527,9.5516771,0.00309096183628,-0.00312924012542,-0.00831726752222,0.58044644231,0.036427364937,0.0712692535611,-0.810355272822,199.37
2019-04-21 03:20:07.988524,-1.50041745,-0.3726527,9.5516771,0.00159589841496,-0.00538607640192,-0.00716922059655,0.580259952314,0.0366422783015,0.0711958896519,-0.810485580672,199.09
2019-04-21 03:20:08.044903,-1.50041745,-0.3726527,9.5516771,-0.000412411842262,-0.00967899803072,-0.00210995343514,0.580179450676,0.0367023218389,0.071108435048,-0.810548169481,199.09
2019-04-21 03:20:08.108895,-1.50041745,-0.3726527,9.5516771,-0.00145434611477,-0.0150244189426,0.00553047703579,0.580291812058,0.036628275446,0.070971525063,-0.810483081209,199.09
2019-04-21 03:20:08.165532,-1.50041745,-0.3726527,9.5516771,-0.00265605212189,-0.019443873316,0.014990019612,0.580633026369,0.0364409979937,0.0707438078268,-0.810267027596,199.09
2019-04-21 03:20:08.234165,-1.50041745,-0.3726527,9.5516771,-0.00299297715537,-0.0229989569634,0.0240039285272,0.581292066784,0.0361167816585,0.0704053132292,-0.809838380818,199.09
2019-04-21 03:20:08.297404,-1.50041745,-0.3726527,9.5516771,-0.00103110738564,-0.0239976812154,0.0282508991659,0.581959459256,0.0358397961559,0.0700573106929,-0.80940142699,199.09
2019-04-21 03:20:08.349590,-1.50041745,-0.3726527,9.5516771,-0.000359095487511,-0.0241998024285,0.0242288783193,0.582547746419,0.035585546306,0.069708936645,-0.809019441169,199.09
2019-04-21 03:20:08.419793,-1.50041745,-0.3726527,9.5516771,0.00292296241969,-0.0235214680433,0.0170767847449,0.583142900092,0.0352964853696,0.0692220388498,-0.808645055343,199.09
2019-04-21 03:20:08.480223,-1.50041745,-0.3726527,9.5516771,0.00633546803147,-0.0211641732603,0.00754721369594,0.583446102737,0.035122636436,0.0687268397405,-0.808476138863,198.67
2019-04-21 03:20:08.540761,-1.50041745,-0.3726527,9.5516771,0.0109011754394,-0.0207348689437,-0.000430416082963,0.583531698199,0.0350346067071,0.0681801892652,-0.808464467569,198.67
2019-04-21 03:20:08.604554,-1.42196425,-0.3334261,9.36535075,0.017123427242,-0.017783658579,-0.005580493249,0.583453806661,0.0351152298138,0.0674857842429,-0.808575441782,198.67
2019-04-21 03:20:08.669547,-1.42196425,-0.3334261,9.36535075,0.0233370903879,-0.0133086442947,-0.00417336635292,0.583348273944,0.0353820351509,0.0667638444178,-0.808699877553,198.67
2019-04-21 03:20:08.735352,-1.42196425,-0.3334261,9.36535075,0.0215583536774,-0.00645230803639,0.00117932073772,0.583317453555,0.0358928637581,0.066007146221,-0.808761712346,198.67
2019-04-21 03:20:08.800335,-1.42196425,-0.3334261,9.36535075,0.015225039795,0.000197640823899,0.00998748093843,0.583499206088,0.0364811458588,0.0655227198123,-0.808643664218,198.67
2019-04-21 03:20:08.868826,-1.42196425,-0.3334261,9.36535075,0.00029322883347,0.00755434297025,0.019323296845,0.583940443208,0.0370309660033,0.0654907344814,-0.808302684667,198.67
2019-04-21 03:20:08.934714,-1.42196425,-0.3334261,9.36535075,-0.0149236675352,0.0107380915433,0.0239826254547,0.584518160632,0.0373820166922,0.0659169120259,-0.807834181889,198.67
2019-04-21 03:20:08.995523,-1.42196425,-0.3334261,9.36535075,-0.029015397653,0.0133276516572,0.02266032435,0.585210129387,0.0375467709494,0.0668790366135,-0.807246269063,198.44
2019-04-21 03:20:09.069206,-1.42196425,-0.3334261,9.36535075,-0.0444791801274,0.011903103441,0.0160253532231,0.585749699624,0.0374354819865,0.0681946365067,-0.806749877986,198.44
2019-04-21 03:20:09.124678,-1.42196425,-0.3334261,9.36535075,-0.0502496808767,0.00733317993581,0.00712747452781,0.586051069666,0.0370572642088,0.0695785917508,-0.806430234108,198.44
2019-04-21 03:20:09.183007,-1.42196425,-0.3334261,9.36535075,-0.0538612492383,0.00123242428526,-0.00128316727933,0.586142096758,0.0364668428662,0.0708961685664,-0.806276221318,198.44
2019-04-21 03:20:09.246763,-1.42196425,-0.3334261,9.36535075,-0.0493907779455,-0.00805672071874,-0.00725530833006,0.586076672451,0.0356403638938,0.0721691423086,-0.806247798985,198.44
2019-04-21 03:20:09.314944,-1.42196425,-0.3334261,9.36535075,-0.0378942415118,-0.0179931353778,-0.00887027010322,0.585926883136,0.0346740303487,0.0730994258191,-0.806314996253,198.44
2019-04-21 03:20:09.380018,-1.59848395,-0.48052585,9.4732239,-0.0208987407386,-0.0259709060192,-0.00601460365579,0.585823571633,0.0338827649267,0.0733824837117,-0.80639798626,198.44
2019-04-21 03:20:09.437956,-1.59848395,-0.48052585,9.4732239,-0.00699744280428,-0.031421892345,-0.000853322562762,0.585825696125,0.0331798254266,0.0731831144568,-0.806443788929,198.44
2019-04-21 03:20:09.495952,-1.59848395,-0.48052585,9.4732239,0.00422017136589,-0.0344009399414,0.00369035638869,0.585938393253,0.0326401485381,0.0726126913509,-0.806435500874,198.33
2019-04-21 03:20:09.557082,-1.59848395,-0.48052585,9.4732239,0.0112073579803,-0.0343346521258,0.00710544362664,0.586137991415,0.0322287513278,0.0718114209239,-0.806378746268,198.33
2019-04-21 03:20:09.620872,-1.59848395,-0.48052585,9.4732239,0.0123915020376,-0.0305198542774,0.0109032345936,0.586426339968,0.0319192041024,0.0709645757536,-0.806256374356,198.33
2019-04-21 03:20:09.686774,-1.59848395,-0.48052585,9.4732239,0.0133531754836,-0.0209046956152,0.0126395374537,0.586795181063,0.0318040961309,0.0701758923201,-0.806061572765,198.33
2019-04-21 03:20:09.759924,-1.59848395,-0.48052585,9.4732239,0.0138081554323,-0.00824911519885,0.0187856927514,0.58730121227,0.0320155282636,0.0695438639158,-0.805739376603,198.33
2019-04-21 03:20:09.827991,-1.59848395,-0.48052585,9.4732239,0.0156811606139,0.00159250095021,0.0248310230672,0.587856838243,0.0325323162293,0.0691645226359,-0.805346046703,198.33
2019-04-21 03:20:09.884605,-1.59848395,-0.48052585,9.4732239,0.0176371596754,0.011455886066,0.0298442263156,0.588521852837,0.0333504723202,0.0688997145038,-0.80484942944,198.33
2019-04-21 03:20:09.951955,-1.59848395,-0.48052585,9.4732239,0.0214008055627,0.0163294430822,0.0322214253247,0.589338362727,0.0344563525698,0.0686324314856,-0.804227979701,198.33
2019-04-21 03:20:10.019178,-1.59848395,-0.48052585,9.4732239,0.0226962286979,0.014401415363,0.0279609579593,0.590181248887,0.0357548957511,0.0683111851415,-0.803580277804,197.74
2019-04-21 03:20:10.075925,-1.59848395,-0.48052585,9.4732239,0.020683310926,0.00717523647472,0.0181595236063,0.59064295362,0.0366088080244,0.0679807889544,-0.803230545265,197.74
2019-04-21 03:20:10.148241,-1.59848395,-0.48052585,9.4732239,0.013258324936,-0.00458152219653,0.00269734626636,0.590844974768,0.0372306665683,0.0675564817801,-0.803089170035,197.74
2019-04-21 03:20:10.209820,-1.50041745,-0.1569064,9.414384,0.00137906463351,-0.0185346286744,-0.013074953109,0.590644689718,0.0372278051731,0.0672191920759,-0.803264913491,197.74
2019-04-21 03:20:10.258767,-1.50041745,-0.1569064,9.414384,-0.0129654817283,-0.0284355431795,-0.02229340747,0.59025932812,0.0368020883704,0.0670778165881,-0.803579553237,197.74
2019-04-21 03:20:10.325368,-1.50041745,-0.1569064,9.414384,-0.0259432978928,-0.0354086905718,-0.0263753607869,0.589702538845,0.0358432574736,0.0671243882009,-0.804027669351,197.74
2019-04-21 03:20:10.388663,-1.50041745,-0.1569064,9.414384,-0.037008985877,-0.0381451770663,-0.0192226022482,0.589244648467,0.0345399523288,0.0673757624714,-0.804399305431,197.74
2019-04-21 03:20:10.453033,-1.50041745,-0.1569064,9.414384,-0.036634914577,-0.0346658490598,-0.00187259970699,0.589130129392,0.0332555159911,0.0676885576845,-0.804511044335,197.74
2019-04-21 03:20:10.520162,-1.50041745,-0.1569064,9.414384,-0.0265516974032,-0.0266780219972,0.0185446105897,0.589515387966,0.0321898871352,0.0679738102818,-0.804248083388,197.83
2019-04-21 03:20:10.585659,-1.50041745,-0.1569064,9.414384,-0.0153144290671,-0.0157351233065,0.0343829803169,0.590448974745,0.0315712911182,0.0681320779607,-0.803574067372,197.83
2019-04-21 03:20:10.655427,-1.50041745,-0.1569064,9.414384,-0.00265374872833,-0.00810904428363,0.0408619679511,0.591571143743,0.031505881068,0.0681025450733,-0.802753389717,197.83
2019-04-21 03:20:10.736420,-1.50041745,-0.1569064,9.414384,0.0120891258121,-0.00117947661784,0.0371864065528,0.592746776046,0.0319427884334,0.0678133678104,-0.801892926082,197.83
2019-04-21 03:20:10.800557,-1.50041745,-0.1569064,9.414384,0.0217761583626,0.000861875829287,0.0269424039871,0.593592400924,0.0326807384844,0.0673015984338,-0.801280553705,197.83
2019-04-21 03:20:10.875897,-1.50041745,-0.1569064,9.414384,0.0253896992654,0.00282746250741,0.0128779988736,0.594083426039,0.0335947972895,0.0666600737935,-0.80093239856,197.83
2019-04-21 03:20:10.941408,-1.50041745,-0.1569064,9.414384,0.0235417410731,0.00357491988689,0.00301864044741,0.594199249462,0.034339166572,0.0661846491229,-0.800854334944,197.83
2019-04-21 03:20:10.987313,-1.40235095,-0.18632635,9.40457735,0.0110049331561,0.0025044225622,-0.00561670400202,0.594114684882,0.0349145958175,0.0659450410527,-0.800911957562,197.83
2019-04-21 03:20:11.047442,-1.40235095,-0.18632635,9.40457735,-0.00446842983365,0.00356035679579,-0.0110208140686,0.593876359161,0.0352694401983,0.0660418437304,-0.801065173063,197.13
2019-04-21 03:20:11.112000,-1.40235095,-0.18632635,9.40457735,-0.0208459775895,0.0014614976244,-0.0115182306617,0.593612677048,0.0352912427272,0.0665234617677,-0.801219786869,197.13
2019-04-21 03:20:11.162244,-1.40235095,-0.18632635,9.40457735,-0.0346790365875,0.00184585084207,-0.00863315910101,0.593422936019,0.0350708201129,0.0672696710253,-0.801307711147,197.13
2019-04-21 03:20:11.219192,-1.40235095,-0.18632635,9.40457735,-0.0422207266092,0.00244635762647,-0.00216009654105,0.59335938802,0.0347093226578,0.0682457180928,-0.801287976654,197.13
2019-04-21 03:20:11.293576,-1.40235095,-0.18632635,9.40457735,-0.0415971986949,0.00494148023427,0.00539220124483,0.593462539927,0.0343069552871,0.0695114658554,-0.801120092518,197.13
2019-04-21 03:20:11.356363,-1.40235095,-0.18632635,9.40457735,-0.0352853834629,0.00872388947755,0.0116834137589,0.593724457364,0.0341228442091,0.0705670187999,-0.800841554921,197.13
2019-04-21 03:20:11.414809,-1.40235095,-0.18632635,9.40457735,-0.0225878879428,0.0125832352787,0.014092833735,0.594060535055,0.0342526968824,0.0714423918229,-0.800509099322,197.13
2019-04-21 03:20:11.485094,-1.40235095,-0.18632635,9.40457735,-0.00943229161203,0.0158104375005,0.0149962985888,0.594442666891,0.0347053992508,0.0720986006662,-0.800147013257,197.13
2019-04-21 03:20:11.541701,-1.40235095,-0.18632635,9.40457735,-0.00277368654497,0.0158679410815,0.0120319807902,0.594770628436,0.0353505204013,0.0725429265338,-0.799834835493,197.07
2019-04-21 03:20:11.607331,-1.40235095,-0.18632635,9.40457735,-0.00153575523291,0.0105269886553,0.0078060249798,0.595002927717,0.0359786783222,0.0728551154029,-0.799605642097,197.07
2019-04-21 03:20:11.681656,-1.40235095,-0.18632635,9.40457735,-0.00421947985888,0.000269043899607,0.00369461998343,0.59513569024,0.0363543422901,0.0730724712303,-0.799470003157,197.07
2019-04-21 03:20:11.746950,-1.40235095,-0.18632635,9.40457735,-0.011275799945,-0.0109808957204,0.000170548693859,0.595184685361,0.0362871166929,0.0732424892434,-0.799421023769,197.07
2019-04-21 03:20:11.820477,-1.6279039,-0.3334261,9.4732239,-0.0139971654862,-0.0220621619374,-0.00189574004617,0.595206864495,0.0358080932049,0.0732794941272,-0.799422719629,197.07
2019-04-21 03:20:11.873738,-1.6279039,-0.3334261,9.4732239,-0.0134209292009,-0.0299153625965,0.00025904350332,0.595255103301,0.0351760846166,0.0731728141054,-0.799424633309,197.07
2019-04-21 03:20:11.950459,-1.6279039,-0.3334261,9.4732239,-0.00613773753867,-0.0349246785045,0.00391034781933,0.595422682291,0.0343114150523,0.0727605991095,-0.799375038031,197.07
2019-04-21 03:20:12.010575,-1.6279039,-0.3334261,9.4732239,0.00189874600619,-0.035899925977,0.00693682627752,0.595617375825,0.0337142949821,0.0721729586984,-0.799308671267,197.07
2019-04-21 03:20:12.068753,-1.6279039,-0.3334261,9.4732239,0.0115503054112,-0.0325383730233,0.00917914882302,0.595864258038,0.0333363441549,0.071383674759,-0.799211389514,196.91
2019-04-21 03:20:12.134731,-1.6279039,-0.3334261,9.4732239,0.0227298922837,-0.0289957225323,0.0115120308474,0.59618567754,0.0332071947926,0.0702874623757,-0.799074209785,196.91
2019-04-21 03:20:12.198540,-1.6279039,-0.3334261,9.4732239,0.0285837836564,-0.0249188300222,0.0119168777019,0.596491566983,0.0333452848299,0.0691621805923,-0.798938355115,196.91
2019-04-21 03:20:12.265537,-1.6279039,-0.3334261,9.4732239,0.0311891790479,-0.021837124601,0.0109561802819,0.596818758375,0.0336537424138,0.0678974295356,-0.798789543206,196.91
2019-04-21 03:20:12.334314,-1.6279039,-0.3334261,9.4732239,0.0264460295439,-0.0211817659438,0.0073655443266,0.597060969817,0.0339386552282,0.0667616301221,-0.798692212774,196.91
2019-04-21 03:20:12.397892,-1.6279039,-0.3334261,9.4732239,0.0155059508979,-0.022357236594,0.00259552430362,0.597190830206,0.034026128937,0.0659015705412,-0.798662831155,196.91
2019-04-21 03:20:12.467830,-1.6279039,-0.3334261,9.4732239,-0.00453795678914,-0.0225096736103,-0.00315126287751,0.597202431035,0.0337365270282,0.0654558461423,-0.798703095847,196.91
2019-04-21 03:20:12.544128,-1.6279039,-0.3334261,9.4732239,-0.0251536630094,-0.0220020711422,-0.00722531788051,0.597071748877,0.0329728020691,0.0655653536245,-0.798823701088,196.91
2019-04-21 03:20:12.607552,-1.42196425,-0.24516625,9.4339973,-0.0384168587625,-0.018121778965,-0.00770149752498,0.596923088769,0.032028705809,0.0661627761,-0.798923948294,196.71
2019-04-21 03:20:12.679068,-1.42196425,-0.24516625,9.4339973,-0.0383983515203,-0.0131024289876,-0.0021476901602,0.596856417816,0.0311202192065,0.0669934769605,-0.7989404374,196.71
2019-04-21 03:20:12.738203,-1.42196425,-0.24516625,9.4339973,-0.0312206745148,-0.00834853667766,0.00392288248986,0.596942283992,0.0305189930024,0.0677089670403,-0.798839155545,196.71
2019-04-21 03:20:12.797947,-1.42196425,-0.24516625,9.4339973,-0.0185706652701,-0.00445341039449,0.0124277286232,0.597203508816,0.0302519866874,0.0681896215094,-0.798613149076,196.71
2019-04-21 03:20:12.875279,-1.42196425,-0.24516625,9.4339973,-0.00136387441307,-0.00318104750477,0.0184139981866,0.597721815462,0.0303322003528,0.068368088426,-0.798206986581,196.71
2019-04-21 03:20:12.944658,-1.42196425,-0.24516625,9.4339973,0.0117530301213,-0.00287824077532,0.0169699694961,0.598228570986,0.0307366396295,0.0681091266702,-0.797833931783,196.71
2019-04-21 03:20:13.021855,-1.42196425,-0.24516625,9.4339973,0.0165522266179,-0.00122467242181,0.00765932537615,0.598564569233,0.0313636945136,0.0676240416996,-0.797598748814,196.71
2019-04-21 03:20:13.097942,-1.42196425,-0.24516625,9.4339973,0.00929850246757,0.00188229244668,-0.00664909975603,0.598513098503,0.031946726738,0.0673290580483,-0.797639188803,196.71
2019-04-21 03:20:13.158256,-1.42196425,-0.24516625,9.4339973,-0.00558287417516,0.00725268246606,-0.0171986483037,0.598152944578,0.0323207852513,0.0675423781157,-0.797876211509,196.52
2019-04-21 03:20:13.222596,-1.42196425,-0.24516625,9.4339973,-0.0231445357203,0.0127553399652,-0.0224827509373,0.597586496628,0.032493058554,0.0683065039906,-0.798228539771,196.52
2019-04-21 03:20:13.284419,-1.42196425,-0.24516625,9.4339973,-0.0308114588261,0.0164751671255,-0.0175405535847,0.597111369504,0.0325725378394,0.0693473259562,-0.798491071065,196.52
2019-04-21 03:20:13.351165,-1.42196425,-0.24516625,9.4339973,-0.0325105823576,0.020821871236,-0.00564028788358,0.596858392563,0.0327054148009,0.070668052983,-0.798558978008,196.52
2019-04-21 03:20:13.421421,-1.42196425,-0.24516625,9.4339973,-0.0212285853922,0.0201271772385,0.0111514190212,0.597007423942,0.0330313490907,0.0717334415479,-0.798339137897,196.52
2019-04-21 03:20:13.484305,-1.5102241,-0.42168595,9.5124505,-0.00512493215501,0.0145293725654,0.0251870974898,0.597533916432,0.0335810242612,0.0723623159822,-0.797865420198,196.52
2019-04-21 03:20:13.561629,-1.5102241,-0.42168595,9.5124505,0.0127081731334,0.00312355719507,0.0317941941321,0.598378943713,0.0342864388743,0.0723288224162,-0.797204880365,196.52
2019-04-21 03:20:13.628912,-1.5102241,-0.42168595,9.5124505,0.0235166363418,-0.0061993394047,0.0283885784447,0.59906230289,0.0349086652762,0.0717784887119,-0.796714246705,196.52
2019-04-21 03:20:13.683441,-1.5102241,-0.42168595,9.5124505,0.029821600765,-0.0163599960506,0.0179168283939,0.59958602427,0.0354102247499,0.070820634632,-0.796383797672,196.38
2019-04-21 03:20:13.750904,-1.5102241,-0.42168595,9.5124505,0.0319328345358,-0.0261142142117,0.00452327728271,0.599835320857,0.0357375034168,0.0695373477068,-0.79629452841,196.38
2019-04-21 03:20:13.825583,-1.5102241,-0.42168595,9.5124505,0.0261710770428,-0.0313187539577,-0.00711636058986,0.599763940136,0.03579323426,0.0682320534187,-0.796458691572,196.38
2019-04-21 03:20:13.880909,-1.5102241,-0.42168595,9.5124505,0.0166483130306,-0.0328552797437,-0.0129987513646,0.599510877757,0.0356246673731,0.0672251502947,-0.796742348375,196.38
2019-04-21 03:20:13.943768,-1.5102241,-0.42168595,9.5124505,0.00518274120986,-0.0321909710765,-0.015319917351,0.599160863182,0.0352287137209,0.0664544889921,-0.797087823677,196.38
2019-04-21 03:20:14.005692,-1.5102241,-0.42168595,9.5124505,-0.0143422484398,-0.0268131121993,-0.0144720003009,0.598838480914,0.0346194493662,0.0662178541373,-0.797376425094,196.38
2019-04-21 03:20:14.080693,-1.5102241,-0.42168595,9.5124505,-0.0391249470413,-0.018572891131,-0.0114931175485,0.598539306285,0.0335979571887,0.0667145461445,-0.797603313331,196.38
2019-04-21 03:20:14.149359,-1.5102241,-0.42168595,9.5124505,-0.0569684281945,-0.0110448785126,-0.0070444107987,0.598389688985,0.0324807825246,0.0678822732248,-0.797663322376,196.38
2019-04-21 03:20:14.216122,-1.5102241,-0.42168595,9.5124505,-0.0656797736883,-0.00578931206837,-0.00381126860157,0.59833752114,0.0312457900517,0.0695773100609,-0.797605735514,196.53
2019-04-21 03:20:14.285271,-1.42196425,-0.4511059,9.4732239,-0.0576502010226,-0.00121189840138,0.000472447194625,0.598379962468,0.0301954713603,0.0712745953875,-0.797464473239,196.53
2019-04-21 03:20:14.356915,-1.42196425,-0.4511059,9.4732239,-0.0378145687282,0.00154944672249,0.00296379532665,0.598469992652,0.0296661456134,0.0724382511076,-0.797311913542,196.53
2019-04-21 03:20:14.418041,-1.42196425,-0.4511059,9.4732239,-0.00504670850933,0.00464482046664,0.00743136368692,0.598639797605,0.0297270137164,0.0730167948629,-0.79712937786,196.53
2019-04-21 03:20:14.485038,-1.42196425,-0.4511059,9.4732239,0.0281696468592,0.00600847322494,0.00931610539556,0.598842154193,0.0305047022198,0.0727415894025,-0.796973148027,196.53
2019-04-21 03:20:14.554739,-1.42196425,-0.4511059,9.4732239,0.0539966821671,0.0037584323436,0.0108629213646,0.599065406618,0.0318401740117,0.0716790716714,-0.796849391414,196.53
2019-04-21 03:20:14.614590,-1.42196425,-0.4511059,9.4732239,0.0671616196632,0.000422558689024,0.0104541787878,0.599255417339,0.0333482563716,0.0701678431716,-0.796779337314,196.53
2019-04-21 03:20:14.685172,-1.42196425,-0.4511059,9.4732239,0.0653204396367,-0.00431161932647,0.0050205620937,0.599353546844,0.0348520370506,0.0684636970622,-0.796789422359,196.53
2019-04-21 03:20:14.741519,-1.42196425,-0.4511059,9.4732239,0.0501104593277,-0.00782723911107,-0.00166742585134,0.599300492855,0.03600679691,0.0670094415228,-0.796901602826,196.37
2019-04-21 03:20:14.808073,-1.42196425,-0.4511059,9.4732239,0.0228564608842,-0.0120150977746,-0.00820500403643,0.599097379641,0.0366367962441,0.0660480374802,-0.797105847183,196.37
2019-04-21 03:20:14.883728,-1.42196425,-0.4511059,9.4732239,-0.0128582045436,-0.0142189515755,-0.0124347582459,0.598761591247,0.0365268019394,0.0658518623563,-0.797379383865,196.37
2019-04-21 03:20:14.957792,-1.42196425,-0.4511059,9.4732239,-0.043629527092,-0.0109909921885,-0.0108829066157,0.598486677362,0.0357225631048,0.0666654141817,-0.797554586256,196.37
2019-04-21 03:20:15.021218,-1.42196425,-0.4511059,9.4732239,-0.0577473938465,-0.00908786058426,-0.00605748547241,0.598358684828,0.0347394145135,0.0679025500301,-0.797589682149,196.37
2019-04-21 03:20:15.089854,-1.42196425,-0.4511059,9.4732239,-0.0590337142348,-0.00518644275144,-0.00276396027766,0.598346653367,0.0336182159936,0.0694988351697,-0.797509253782,196.37
2019-04-21 03:20:15.152802,-1.46119085,-0.34323275,9.4339973,-0.0505629181862,-0.00304706860334,1.39526455314e-05,0.598393489154,0.0328148127003,0.0708240003998,-0.79739098388,196.37
2019-04-21 03:20:15.220013,-1.46119085,-0.34323275,9.4339973,-0.0373302400112,-0.00198426516727,8.42371991894e-06,0.598417471678,0.0322857644903,0.0718587315235,-0.797302001569,196.37
2019-04-21 03:20:15.292291,-1.46119085,-0.34323275,9.4339973,-0.0213299170136,-0.00380287016742,-0.000315336044878,0.598436602772,0.0319254497393,0.0726123632546,-0.797233869592,196.53
2019-04-21 03:20:15.347924,-1.46119085,-0.34323275,9.4339973,-0.00886800885201,-0.00639150757343,0.000479603710119,0.598451713129,0.0318706570361,0.0728566193143,-0.797202434326,196.53
2019-04-21 03:20:15.411909,-1.46119085,-0.34323275,9.4339973,0.00378741952591,-0.00955265201628,0.00133764755446,0.598477525984,0.0319536700682,0.0727855513174,-0.797186225032,196.53
2019-04-21 03:20:15.477519,-1.46119085,-0.34323275,9.4339973,0.0149249620736,-0.0132207553834,0.00251450063661,0.598529881481,0.0321716305972,0.0723465095905,-0.797178116677,196.53
2019-04-21 03:20:15.530449,-1.46119085,-0.34323275,9.4339973,0.025316670537,-0.0173710696399,0.00250077038072,0.59859602035,0.0324562064817,0.0715991592221,-0.797184394906,196.53
2019-04-21 03:20:15.605899,-1.46119085,-0.34323275,9.4339973,0.0347612835467,-0.0250248257071,0.000734374450985,0.598640659185,0.0328273224364,0.0701986674416,-0.797260230515,196.53
2019-04-21 03:20:15.666536,-1.46119085,-0.34323275,9.4339973,0.041504163295,-0.0300828497857,-0.00390632869676,0.59858099314,0.0331340780756,0.0688252819547,-0.797412069187,196.53
2019-04-21 03:20:15.746168,-1.46119085,-0.34323275,9.4339973,0.0426138490438,-0.0308081172407,-0.00934394076467,0.598349088082,0.0334867407125,0.0669624156215,-0.797729930417,196.53
2019-04-21 03:20:15.813200,-1.46119085,-0.34323275,9.4339973,0.0322743281722,-0.0284045916051,-0.0140230497345,0.597984279256,0.0336961950289,0.0654707421354,-0.798118381023,196.54
2019-04-21 03:20:15.879515,-1.46119085,-0.34323275,9.4339973,0.0144018046558,-0.0240974351764,-0.0152760371566,0.597568363028,0.0337256260614,0.0644336673642,-0.798512953035,196.54
2019-04-21 03:20:15.950745,-1.4121576,-0.08825985,9.4339973,-0.00814293324947,-0.0160877108574,-0.0115342363715,0.59723746612,0.0334760354616,0.0641308883482,-0.79879533879,196.54
2019-04-21 03:20:16.021373,-1.4121576,-0.08825985,9.4339973,-0.0276558436453,-0.00888935476542,-0.00316960620694,0.597118393201,0.032993135579,0.0645662343555,-0.798869375359,196.54
2019-04-21 03:20:16.074071,-1.4121576,-0.08825985,9.4339973,-0.0393168963492,-0.00357544585131,0.00456939265132,0.597206314123,0.0325342238796,0.0653268863011,-0.798760627832,196.54
2019-04-21 03:20:16.136475,-1.4121576,-0.08825985,9.4339973,-0.0441286191344,0.000182130184839,0.0096991956234,0.597450673808,0.0320136151052,0.0663888685272,-0.798511326751,196.54
2019-04-21 03:20:16.207163,-1.4121576,-0.08825985,9.4339973,-0.0387528724968,0.00193865248002,0.0111046656966,0.597801791072,0.0315202593132,0.0675998031011,-0.798166497959,196.54
2019-04-21 03:20:16.285107,-1.4121576,-0.08825985,9.4339973,-0.0288617592305,0.00101192551665,0.00543507793918,0.598071226426,0.0311936087754,0.0686151590497,-0.79789079882,196.54
2019-04-21 03:20:16.338637,-1.4121576,-0.08825985,9.4339973,-0.0182385481894,-0.000161340401974,-0.00192053581122,0.598098561738,0.0310837830078,0.0691820358224,-0.797825641855,196.57
2019-04-21 03:20:16.414425,-1.4121576,-0.08825985,9.4339973,-0.00880635995418,-0.000233490354731,-0.0130135873333,0.597831559868,0.0311089205937,0.0695973913518,-0.797988636638,196.57
2019-04-21 03:20:16.468627,-1.4121576,-0.08825985,9.4339973,-0.00379370991141,-0.000678494689055,-0.0210639648139,0.597369163124,0.031251224526,0.0698106263656,-0.798310666571,196.57
2019-04-21 03:20:16.552938,-1.4121576,-0.08825985,9.4339973,-0.000550109718461,-0.000609342590906,-0.0253619216383,0.596612556074,0.031526464373,0.06996318405,-0.798852109502,196.57
2019-04-21 03:20:16.615333,-1.4121576,-0.08825985,9.4339973,-0.0013135416666,-0.0012247369159,-0.0220387354493,0.595996573893,0.0317558733029,0.070080671913,-0.79929240447,196.57
2019-04-21 03:20:16.680645,-1.4121576,-0.08825985,9.4339973,-0.00529101351276,-0.0036299857311,-0.0120009053499,0.595602042275,0.0319128813892,0.0702337082898,-0.799566758601,196.57
2019-04-21 03:20:16.753664,-1.4121576,-0.08825985,9.4339973,-0.0107634421438,-0.00595494080335,0.0014927823795,0.595513003354,0.0319275182075,0.0704553641902,-0.799612992687,196.57
2019-04-21 03:20:16.816695,-1.4906108,-0.3138128,9.4928372,-0.0110722603276,-0.00935223139822,0.00960129965097,0.595705387577,0.0318419729275,0.0706263477894,-0.799458003256,196.57
2019-04-21 03:20:16.885681,-1.4906108,-0.3138128,9.4928372,-0.0108667695895,-0.0122273806483,0.0133617622778,0.596072664692,0.0316515619905,0.070765539572,-0.799179451337,196.89
2019-04-21 03:20:16.965639,-1.4906108,-0.3138128,9.4928372,-0.00991342682391,-0.0124507173896,0.0108083803207,0.596395108055,0.0314642759415,0.0708246059701,-0.798941017608,196.89
2019-04-21 03:20:17.007378,-1.4906108,-0.3138128,9.4928372,-0.00524022895843,-0.010752084665,0.00395387131721,0.596543829492,0.0313884686617,0.0708313503369,-0.798832362477,196.89
2019-04-21 03:20:17.082588,-1.4906108,-0.3138128,9.4928372,0.00281732575968,-0.00644393265247,-0.00614652596414,0.596463968786,0.0314595483963,0.0707275873986,-0.798898390995,196.89
2019-04-21 03:20:17.164640,-1.4906108,-0.3138128,9.4928372,0.00836827047169,0.000621752173174,-0.0114208664745,0.5961768592,0.0318727722122,0.0705765826351,-0.799109645123,196.89
2019-04-21 03:20:17.214835,-1.4906108,-0.3138128,9.4928372,0.0141703644767,0.00580807682127,-0.0122739616781,0.595848320954,0.0324684925345,0.070426907769,-0.79934387223,196.89
2019-04-21 03:20:17.277433,-1.4906108,-0.3138128,9.4928372,0.0146363638341,0.0103985331953,-0.00810502842069,0.595596149657,0.0331886136532,0.07031263235,-0.799512273933,196.89
2019-04-21 03:20:17.336143,-1.4906108,-0.3138128,9.4928372,0.0106244711205,0.013310585171,-0.000623942934908,0.595466387853,0.0340173629143,0.0703045837669,-0.799574802917,196.89
2019-04-21 03:20:17.406323,-1.4906108,-0.3138128,9.4928372,0.00355765642598,0.0141524653882,0.00760519783944,0.595567098993,0.0348019315024,0.0704735472874,-0.799451146283,196.94
2019-04-21 03:20:17.467609,-1.4906108,-0.3138128,9.4928372,-0.00290803355165,0.0127375498414,0.0122825643048,0.595851405248,0.0354838816753,0.0708189717247,-0.799178747371,196.94
2019-04-21 03:20:17.539832,-1.4906108,-0.3138128,9.4928372,-0.00624519214034,0.00642253784463,0.0094956913963,0.596151772692,0.0359411747075,0.0711611655057,-0.798903864305,196.94
2019-04-21 03:20:17.603697,-1.6279039,-0.30400615,9.46341725,-0.00532640470192,-0.00437982100993,-0.000242885900661,0.596262638254,0.0361217804666,0.071352078651,-0.798795946453,196.94
2019-04-21 03:20:17.673609,-1.6279039,-0.30400615,9.46341725,-0.00515260268003,-0.0199276581407,-0.0154287116602,0.596016304159,0.0359014386862,0.0712918876438,-0.798995067965,196.94
2019-04-21 03:20:17.728707,-1.6279039,-0.30400615,9.46341725,-0.006726577878,-0.0339727699757,-0.024633385241,0.595571515941,0.0353844375047,0.0710221250697,-0.799373735329,196.94
2019-04-21 03:20:17.797921,-1.6279039,-0.30400615,9.46341725,-0.00925524719059,-0.04940706864,-0.0318663716316,0.594880966826,0.034367355951,0.0705143026091,-0.799977032971,196.94
2019-04-21 03:20:17.860291,-1.6279039,-0.30400615,9.46341725,-0.0129022914916,-0.0594886243343,-0.0300911534578,0.594199500687,0.0329929668447,0.069882360956,-0.800596573281,196.94
2019-04-21 03:20:17.919846,-1.6279039,-0.30400615,9.46341725,-0.0169034302235,-0.0640931949019,-0.0210566762835,0.593666223933,0.0313306540283,0.0691762479171,-0.801120122955,197.17
2019-04-21 03:20:17.984096,-1.6279039,-0.30400615,9.46341725,-0.0159974209964,-0.0626419559121,-0.0059492639266,0.593472371586,0.0296534532203,0.0684505976724,-0.8013898755,197.17
2019-04-21 03:20:18.044399,-1.6279039,-0.30400615,9.46341725,-0.0116090718657,-0.0531099662185,0.00933388620615,0.593649572894,0.0283699752405,0.0678089950416,-0.801359637928,197.17
2019-04-21 03:20:18.113090,-1.6279039,-0.30400615,9.46341725,-0.00207670149393,-0.0343571081758,0.0228183865547,0.59423617866,0.0274648052445,0.0671367419138,-0.801012925195,197.17
2019-04-21 03:20:18.176974,-1.6279039,-0.30400615,9.46341725,0.00929111242294,-0.0156360864639,0.028340768069,0.59494020802,0.0273665085517,0.0665920144451,-0.800539022598,197.17
2019-04-21 03:20:18.248317,-1.6279039,-0.30400615,9.46341725,0.0209720674902,0.00353450793773,0.022334292531,0.595604727576,0.0280143213916,0.0660956639969,-0.800063478411,197.17
2019-04-21 03:20:18.320434,-1.6279039,-0.30400615,9.46341725,0.0337193645537,0.0168532915413,0.00894949026406,0.595946503617,0.0293604968483,0.0655862783725,-0.799802579478,197.17
2019-04-21 03:20:18.379532,-1.6279039,-0.30400615,9.46341725,0.0411213599145,0.0211604647338,-0.00467317830771,0.595864724092,0.0307928676519,0.0651029113011,-0.799849136291,197.17
2019-04-21 03:20:18.430047,-1.3140911,-0.2941995,9.48303055,0.0409931503236,0.0214473921806,-0.0144046070054,0.595538476496,0.0322430702106,0.0645908548841,-0.800076451911,196.9
2019-04-21 03:20:18.493376,-1.3140911,-0.2941995,9.48303055,0.0337561815977,0.0192974582314,-0.0192137975246,0.595034455001,0.033640158713,0.0641810497424,-0.800426842339,196.9
2019-04-21 03:20:18.551431,-1.3140911,-0.2941995,9.48303055,0.019741429016,0.0186769515276,-0.0184602104127,0.59450023149,0.0348442564349,0.064007773737,-0.8007860872,196.9
2019-04-21 03:20:18.621550,-1.3140911,-0.2941995,9.48303055,0.000895156292245,0.0155254174024,-0.0133189149201,0.594067689715,0.0356856957796,0.064240758779,-0.801051331729,196.9
2019-04-21 03:20:18.680079,-1.3140911,-0.2941995,9.48303055,-0.0162391383201,0.0145669328049,-0.00607093982399,0.593860732234,0.0361175373337,0.0648095692267,-0.801139609521,196.9
2019-04-21 03:20:18.743652,-1.3140911,-0.2941995,9.48303055,-0.0310199670494,0.0142602948472,-0.00105576310307,0.593823264712,0.0362877582257,0.0658076173126,-0.801078327252,196.9
2019-04-21 03:20:18.802851,-1.3140911,-0.2941995,9.48303055,-0.0444649979472,0.0147801022977,0.00176507746801,0.593882318307,0.036203770791,0.0672449062357,-0.80091897316,196.9
2019-04-21 03:20:18.878601,-1.3140911,-0.2941995,9.48303055,-0.0528136789799,0.0130277946591,-0.00110339268576,0.593917144434,0.0359283960654,0.068853446842,-0.800768867253,196.9
2019-04-21 03:20:18.937179,-1.3140911,-0.2941995,9.48303055,-0.0542741827667,0.00727261416614,-0.00697061605752,0.593839953796,0.0354423925487,0.0704673407443,-0.800707374747,197.16
2019-04-21 03:20:19.005020,-1.3140911,-0.2941995,9.48303055,-0.0458021983504,-0.00174566358328,-0.0136416237801,0.593587404583,0.0348302042396,0.0718503314757,-0.800798588823,197.16
2019-04-21 03:20:19.076136,-1.3140911,-0.2941995,9.48303055,-0.0279021468014,-0.0129975210875,-0.0180880874395,0.593157126944,0.034163697348,0.0727270570794,-0.801066938344,197.16
2019-04-21 03:20:19.133932,-1.3140911,-0.2941995,9.48303055,-0.0117854140699,-0.0214449185878,-0.0180718842894,0.59278135354,0.0337381409791,0.0728675030276,-0.80135031774,197.16
2019-04-21 03:20:19.204229,-1.5886773,-0.4314926,9.48303055,0.00501212012023,-0.0279702171683,-0.0132243447006,0.592403675682,0.0333418509732,0.0724426456869,-0.80168464442,197.16
2019-04-21 03:20:19.264293,-1.5886773,-0.4314926,9.48303055,0.0149603802711,-0.0311334654689,-0.00527749396861,0.592232308407,0.033100333903,0.0715946857045,-0.801897413484,197.16
2019-04-21 03:20:19.337338,-1.5886773,-0.4314926,9.48303055,0.0172244012356,-0.029361622408,0.00399042945355,0.592290396835,0.032932484796,0.0705450787566,-0.801954443298,197.16
2019-04-21 03:20:19.405468,-1.5886773,-0.4314926,9.48303055,0.0108217345551,-0.024600641802,0.00690574664623,0.592493719979,0.0327954826429,0.069694426361,-0.801884240423,197.16
2019-04-21 03:20:19.473844,-1.5886773,-0.4314926,9.48303055,0.00121108011808,-0.0199376046658,0.00721491966397,0.592725488254,0.0326275350714,0.0691830604613,-0.801764082305,197.36
2019-04-21 03:20:19.537576,-1.5886773,-0.4314926,9.48303055,-0.00523359095678,-0.0147942658514,0.00566884037107,0.592885418353,0.0324821265942,0.0690380686907,-0.80166422973,197.36
2019-04-21 03:20:19.598503,-1.5886773,-0.4314926,9.48303055,-0.0101750232279,-0.0118325278163,0.00324243167415,0.593018651818,0.0322982712114,0.069064148102,-0.801570860074,197.36
2019-04-21 03:20:19.665945,-1.5886773,-0.4314926,9.48303055,-0.00974482856691,-0.00955883972347,0.000926576263737,0.593113067288,0.0321373535275,0.0691885213034,-0.801496742626,197.36
2019-04-21 03:20:19.729303,-1.5886773,-0.4314926,9.48303055,-0.00680649466813,-0.00893704965711,-0.000146503938595,0.593132368921,0.0320578538131,0.0692696163331,-0.801478638019,197.36
2019-04-21 03:20:19.797019,-1.5886773,-0.4314926,9.48303055,-0.00620391778648,-0.00789468362927,-0.00148487125989,0.593114440974,0.0320249380321,0.0693336652548,-0.801487683071,197.36
2019-04-21 03:20:19.844472,-1.5886773,-0.4314926,9.48303055,-0.00665783835575,-0.00684521906078,-0.00385588384233,0.593051782372,0.0320423387407,0.0694103872368,-0.80152671203,197.36
2019-04-21 03:20:19.907153,-1.5886773,-0.4314926,9.48303055,-0.0082854218781,-0.0027199392207,-0.00464776856825,0.592953912959,0.032107445345,0.0695864879056,-0.801581243394,197.36
2019-04-21 03:20:19.982958,-1.5886773,-0.4314926,9.48303055,-0.011635877192,0.00062690442428,-0.00610611541197,0.592816649846,0.0322028186511,0.0699614521267,-0.801646301902,197.32
2019-04-21 03:20:20.043956,-1.46119085,-0.32361945,9.4536106,-0.00958029273897,0.000476786575746,-0.00517847202718,0.592670499295,0.0323159908751,0.0703196721111,-0.801718466617,197.32
2019-04-21 03:20:20.109881,-1.46119085,-0.32361945,9.4536106,-0.00326035846956,-0.00269137462601,-0.00211728457361,0.592603636837,0.0324534459364,0.0704949585037,-0.801746945289,197.32
2019-04-21 03:20:20.182085,-1.46119085,-0.32361945,9.4536106,0.00655714888126,-0.00975607056171,0.00195788964629,0.592618745177,0.0326224123791,0.070336454537,-0.801742841714,197.32
2019-04-21 03:20:20.236716,-1.46119085,-0.32361945,9.4536106,0.0158834662288,-0.0178435426205,0.00307439081371,0.592690472011,0.0327846679298,0.0698071290284,-0.801729464766,197.32
2019-04-21 03:20:20.296604,-1.46119085,-0.32361945,9.4536106,0.0222231410444,-0.023619512096,0.00391080463305,0.592791944181,0.032908330115,0.0689618687224,-0.801722528924,197.32
